timestamp,task,prompt_a,prompt_b,response_a,response_b,relevance_a,clarity_a,completeness_a,conciseness_a,average_a,relevance_b,clarity_b,completeness_b,conciseness_b,average_b,winner
2026-06-24 12:00:51.321881,Explain what machine learning is,What is machine learning?,"Explain machine learning in simple terms with a real life example, suitable for a beginner with no technical background.","## Machine Learning

Machine learning (ML) is a branch of **artificial intelligence** where systems learn from data to improve their performance on tasks, without being explicitly programmed for each specific rule.

### Core Idea
Instead of writing exact instructions, you give a system **data + examples**, and it finds patterns on its own.

---

### Main Types

| Type | How it Works | Example |
|------|-------------|---------|
| **Supervised Learning** | Learns from labeled examples | Spam detection, image recognition |
| **Unsupervised Learning** | Finds hidden patterns in unlabeled data | Customer grouping, anomaly detection |
| **Reinforcement Learning** | Learns by trial and error with rewards | Game playing, robotics |

---

### How It Generally Works
1. **Collect data** relevant to the problem
2. **Train a model** to find patterns
3. **Evaluate** how well it performs
4. **Deploy** to make predictions on new data

---

### Common Applications
- Recommendation systems (Netflix, Spotify)
- Voice assistants (Siri, Alexa)
- Medical diagnosis
- Fraud detection
- Self-driving cars

---

### Key Takeaway
Machine learning lets computers **learn from experience** rather than following hard-coded rules, making it powerful for complex, pattern-based problems.

Would you like to go deeper into any specific aspect?","# Machine Learning Explained Simply

## The Core Idea

Think of machine learning as **teaching a computer by showing it examples** rather than giving it specific rules.

---

## A Real Life Example: Teaching a Child to Recognize Dogs

Imagine teaching a young child what a dog is.

**The old way (traditional programming):**
You write a rulebook:
- Has 4 legs ✓
- Has fur ✓
- Has a tail ✓
- Barks ✓

**The problem?** A cat also fits those rules. Rules get complicated fast.

---

**The machine learning way:**
You simply show the child **thousands of pictures** and say:

- 👉 *""This is a dog""*
- 👉 *""This is NOT a dog""*

Over time the child **figures out the patterns themselves** without you explaining every rule.

A computer learns the exact same way.

---

## How It Actually Works in 3 Steps

| Step | What Happens | Child Analogy |
|------|-------------|---------------|
| **1. Training** | Show the computer many examples | Showing pictures repeatedly |
| **2. Learning** | It finds patterns automatically | Child notices dogs have snouts, floppy ears |
| **3. Predicting** | Show a new example it's never seen | Child correctly identifies a new dog breed |

---

## Everyday Examples You Already Use

- 🎵 **Spotify** learns your music taste and suggests new songs
- 📧 **Gmail** learns what spam looks like and filters it out
- 🛒 **Amazon** notices what you browse and recommends products
- 😊 **Your phone** recognizes your face to unlock

---

## One Simple Sentence Summary

> **Machine learning is giving a computer lots of examples so it can learn patterns and make smart decisions on its own — just like how humans learn from experience.**

---

The more examples it sees, the **smarter and more accurate** it gets. That's really the whole idea.

Would you like me to go deeper into any specific part?",10.0,10.0,9.0,8.0,9.25,10.0,10.0,8.0,8.0,9.0,A
